{"_timestamp":1.7725796429439032e+09,"val-core/bright/acc/mean@1":0.5642745413267461,"_wandb":{"runtime":1630},"val-aux/num_turns/mean":4.886666666666667,"_step":0,"_runtime":1630.877804124,"val-aux/bright/reward/mean@1":0.564274542927742,"val-aux/num_turns/min":2,"val-aux/num_turns/max":6}